text,label
GASTOS NI VP BINAY SA POLITICAL ADS HALOS P7-M NA

Inaasahan na ni Vice President Jejomar Binay na may mga taong... https://t.co/SDytgbWiLh,0
Mar Roxas TANG INA TUWID NA DAAN DAW .. EH SYA NGA DI STRAIGHT,1
Salamat sa walang sawang suporta ng mga taga makati! Ang Pagbabalik Binay In Makati #OnlyBinayInMakatiSanKaPa https://t.co/iwAOdtZPRE,0
@rapplerdotcom putangina mo binay TAKBO PA,1
"Binay with selective amnesia, forgetting about the past six years he spent preparing to be president.  #PiliPinasDebates2016",0
It doesn't matter whoever won between Duterte &amp; Miriam as President. As long as they finally changed the country Noynoy failed to do so.,0
Nognog? Pero nognog din ang nag malasakit? Wtf? Tangina mo Binay nagpapaawa kapa! Hahahahaha #Nognog ??,1
Only Binay o Oily Binay??
#BinayPaRin!
#Binay2016
#OnlyB1nay ?? #FB https://t.co/QEQnsK67Gm,1
What Abi Binay said on running for Makati mayor #Halalan2016 https://t.co/ayxM39JKNx https://t.co/rHhl4LfMaa,0
Srsly. How can Binay do away with no tax for those earning PhP 30k and below without any compromises? Nkklk talaga!,1
"Sen Grace Poe, puro ka puso. Kaya lugmok bansa natin sa kahirapan at corruption. Puro puso. Walang utak.",1
"RT @KarlNative: Sa laki ng ginastos ni Binay tapos sa laki din ng talo niya sa Mayo, siya pa din tameme sa ending ng kwento. Yun na! https:…",1
ENDO na para kay PNoy. No extension para sa kanyang Mar Roxas! #DuterteTillTheEnd,1
"@xpeanutgalleryx Pet theory: Contrasted w/ PNoy for past 6 years, Binay hasn't failed much - then again he hasn't done much either.",0
"RT @_nicklegaspi_: Sino ba si Binay? 

Yuan: Nognog, Pandak, Laki sa Hirap.",0
BREAKING: VCM Inside Novotel Cubao owned by Mar Roxas https://t.co/dHPwvHwfwX,0
"di daw pagsisihan na binoto nila si MDS kahit talo baka dun na kayo magsisi kung si Roxas, Binay or Poe ang mananalo, kayo na matatalino :D",0
"RT @chevalierkun: So ""anak ni Mar"" pala itong si DJP.
Won't be surprised if ""Nese Iye Ne Eng Lehet"" will be Mar Roxas' campaign jingle.

#N…",0
"Ang kakapal ng mga mukha niyo PNoy at Roxas, matapos niyong batikusin si Poe at Binay sila naman ang yayain niyo? Anu toh Civil War?",1
walang hindi importante kay VP Binay.
#OnlyBinayMagAangatSaTacloban,0
"Eh di wow! Talagang gamit na gamit yung ""PANDAK""? SUS! IBA NA LANG BINAY! WAG KAME!  https://t.co/GboiJfHXPZ",1
Parang walang gustong maka tandem ni mar roxas sa liberal party dahil alam nilang mahihirapang manalo si roxas.,1
Si Senator Nancy Binay ba tinutukoy mo? Hahahahaha! ?? https://t.co/LLHL8Q9R3I,0
ITO NAMAN SI MAR ROXAS PARANG P***** i** ???? MAKIKIPAG SANIB LANG KAY POE PARA TALUNIN SI DUTERTE ? #DuterteTillTheEnd,1
Alma Moreno OK despite being bashed over TV interview: Binay #Halalan2016 https://t.co/QErQ4b35fF https://t.co/b1jPPpALbZ | via ABS-CBN N…,0
I will definitely not vote for Binay a big NO ????,0
si Mar Roxas yung parang cartoon or anime na hindi nagpapalit ng damit.,0
"Political ad on respect not a response to Duterte’s rape remark, Poe clarifies https://t.co/XSgjKs34vl",0
"RT @TropangMARangal: Mar Roxas is in Naguilian, Isabela today to attend a sectoral assembly https://t.co/6JTsqoVgbG",0
Sooo not Mar Roxas ??,0
Nakakairita na tong mga commercial ni binay. ??????,1
"#Newsreport Pagsuporta ng Gobernador ng Ifugao kay VP Binay, pinasalamatan ng UNA I via Allan Francisco",0
Haha. Binay at Jollibee. https://t.co/grK0Unnrqu,0
"VPcandidate senTrillanes, campaign more for Presidential CandidateSenGracePoe than his VP bid, also said no to Binay https://t.co/zM4f12tMiJ",0
That Binay commercial tho.,0
Mar offered unity talks w Grace Poe. Invitation declined. Bayan bago Sarili Sana. #Roxas2016 #RoxasRobredo #SwitchtoMar,0
"Nagrereklamo yung kasabay ko sa jeep, Duterte daw binoto niya Roxas lumabas.",0
"Walang drama. Walang hugot. Trabaho lang. At higit sa lahat, hindi tayo pagnanakawan ni @MARoxas!
#RoxasRobredo2016 https://t.co/AdlkE3qXNF",0
RT @cory_vidanes: Galing sa showtime yang cake hindi galing kay binay!! hahah
ItsShowtime ToMiho,0
"If Mr.Palengke looses his Presidential bid ,di c Binay di c Duterte At lolong di c Poe ang sisihin kundi ALDUBNATIONS. #VoteMaineFPP #KCA",0
Binay completes Senate slate #Halalan2016 https://t.co/qFiWau1srr https://t.co/qx9Wyvgk7C,0
lol binay,1
"Mar Roxas, handang humarap sa panibagong imbestigasyon ng Mamasapano clash https://t.co/vx7Obja5TQ",1
O mar roxas debates daw.. https://t.co/WYNSrwKv0x,0
Sana kasi President Duterte and Vice President Santiago,0
Lonely Binay.,0
"BINAY NA KANG TALAGA AKO. Nognog, pandak, laki sa hirap.",1
"Mar Roxas' son, Paolo now stumping for his Dad here in Digos City, Davao del Sur | @aureacalica https://t.co/SAI6wtBTIS",0
Handa na po ang Wheel Chair PNOY  Trillianes Mar Roxas,0
RT @markanthonyqui5: @yaneeyoo wow binay ikaw bayan haha,0
Talagang mas pinili nila si ROXAS at BINAY over MDS. WTF!!! ?????? #Election2016,1
@AbglGrllo @dauntjess oy nandito si binay,0
Had a lot to say about the controversial paid ads released last night. But it thought me that it only helps make mar roxas's name trend.,0
Do you know that #Binay's enormous wealth did not all come from his salary all these years as a gov't. official? https://t.co/apoM28DulB,0
Mar Leni Mar Leni Mar Leni Mar Leni Mar Leni!!! Think positive. Tandem win!???? #RoxasRobredo,0
LOOK: 'Binay' sign ala Hollywood rises on Banaue Rice Terraces https://t.co/gQ2bBkt5ou #Halalan2016 https://t.co/kqL7UQ8l2M | via ABS-CBN…,0
"RT iamkarendavila: JUST IN. Mar Roxas calling on Grace Poe to talk. ""This is for unity. Mag-usap tayo"" ANCALERTS",0
Lt yung tvc ni binay haha ??,1
"Pati ba naman Picos Machine, binayaran ni Mar Roxas??????",1
RT @senmiriam: [STAFF] Sen. Miriam Defensor Santiago sponsors Senate Resolution No. 1414 on the EDCA.,0
RT @ruffagucherez: #RespectDJPDecisionForMarRoxas tanungin na lang natin kng san galing yng binayad ni pamintang @MARoxas sa kanya! #Yoland…,0
LP to Binay: Where did you get the P600M you spent on TV ads? | https://t.co/Crkqho2mPm | Philippine News https://t.co/68hAdQCt8q via @po_st,0
pinaka walang kwenta sa debate na to si binay. nakakaloka..puro ka nanaman makati. #pilipinasdebate2016,1
"@omeng414 @ADMDShippersOFC @erlyn21 basahin ko padin, panu kung ma retweet ko nanaman yung kay BINAY?

ADN FOR MAINE
#VoteMaineFPP #KCA",0
"He is just endorsing Mar Roxas, hindi naman niya kau pinipilit na iboto siya. 
#RespectDJPDecisionForMarRoxas",0
#Roxas2016 #RoxasRobredo #SwitchtoMar  https://t.co/fbIzaMOoUr,0
"Madami naman natulungan si Binay, kesa kay dut3rt3.",0
@aisaraaap gago hindi! Hahahaha. Mga anti-Binay girl.,0
#UNTVRepaso2015 CA dismisses Junjun Binay’s petition against Ombudsman suspension order [2-11-2015] [NY-A1710],0
Over motherly naman 'tong si Poe. Yung masungit at mahigpit na nanay ang kelangan ng Pilipinas para may disiplina. #PiliPinasDebates2016,1
Yown! 1st time nag vote. #DapatTama #eleksyon2016 #gracepoe2016 #gracepoeforpresident https://t.co/omJ5hXVHVj,0
"Nalito yung pari kung san pa pwede paitimin si Binay. Nagtagal tuloy misa. Cause of delay ka, VP! Hala!  https://t.co/IqSB85tQAA",1
@Jessalipopsx Duterte Roxas Poe Binay Santiago ang Rank,0
"Nung si Binay ginisa sa UPLB, tuwang tuwa kayo. Nung kandidato niyo na, bastos na estudyante ng UPLB.",1
@rapplerdotcom salamat sa UNA camp. we fought a good fight guys VP Binay pa rin tlga,0
#OnlyBinayParehoTayo kung lumaki man taung mahirap c VP Binay din ay lumaki ng mahirap,0
RT @_NEILcutter: my goodness Jejomar Binay super annoying mo na can you pls stop like really. Oo na laki ka sa hirap punyeta ka,1
Re: #laglagbala

A 'blogger' seems to have the yellow Koolaid through an IV line.

Kanina baka si Binay. Now si Pamatong. Basis? Nada?

K.,0
Bets should be ready but wrong to bash Alma Moreno for interview —VP Binay #http://ift.tt/1lySbjY https://t.co/efOLgJwM6T,0
I WAS REALLY IRRITATED OF BINAY'S ANSWER. IT DIDN'T MAKE SENSE TO ME.,1
Say goodbye to your presidential ambitions Mar. Your Mar Roxas Trains can't even support your contrived image. https://t.co/oSp5sFX8CL,1
"BETA | #NEWSROOM5: EPAL MOVES? BINAY, ROXAS, ROBREDO, BINISITA ANG MGA BINAGYO

For more videos, visit us... https://t.co/Et9jYW0B5d",0
NALSS AKO SA CAMPAIGN SONG NI BINAY WTH ANONG MALI SAKIN :(((,1
"Tapos nagtataka tayo kung bakit andaming naloloko ng mga tulad ni Marcos at Binay. 
Eh ganun din naman tayo, Iba lang ang pinapansin.
??",1
Pacquiao and Moreno for Binay's senatorial line up *face palm*,1
Bakit dahil kay Binay... hindi masyadong kita ang kilay sa sobrang itim ang kulay?,1
"WATCH | Daniel Padilla interviews Mar Roxas, gets mixed reviews https://t.co/61eyq1w6MF",0
"FUCK YOU NOYNOY, FUCK YOU MAR ROXAS WALA MOY PULOS YAWA MO.",1
6. Ateneo
7. Mac Belo
8. Sarah Geronimo - MINAMAHAL
9. Gimme5 Rocks SMManila
10. Only Binay

2015/11/22 05:18 PHT https://t.co/dRwxiUtCOV,0
Not sure why Binay isn't giving up. He's 10M behind Duterte and there's just less than 10M votes that's yet to be counted. #Halalan2016,0
Tangina naman yung ad ni Binay nakabwisit!,1
Binay’s big promise: No income tax for workers earning P30K monthly and below: Vice President Jejomar Binay vo... https://t.co/hOmPUO1AQ8,0
@dekstrauss @JLequin ganyan tlga basta puro at walang bahid. ehh? *grace poe tone* hahaha,1
6. OTWOL Disappointment
7. #RoxasRobredo
8. POWER VOTE FOR MENG
9. MarNella ROROmance
10. YLONAs BirthMonthDayNine

2016/2/9 08:32 PHT,0
"""Ano masasabi mo sa performance ni Binay sa recent presidential debate?""

Me: https://t.co/sPnrx3pXm2",0
Tangina ka Enrile. Di naman masyadong halatang solid binay supporter ka. #MamasapanoSenateHearing,1
@suigeneris_05 Errata: Binay pa rin ang may pinakamataas na distrust at disapproval ratings.,1
Introduction mo Mar Roxas panay paninira lang sa kapwa mo kandidato. ?? #PiliPinasDebates2016 #TeamReplay,1
I VOTE ROXAS #Halalan2016 Mar Daang Matuwid RORO RISING All things are possible if you believe.,0
Nakakairita commercial ni Binay!!!,1
Plastic na mapapel pa. #tangina mo Mar Roxas! https://t.co/MJPIduwd9M,1
"""@ANCALERTS: Sen. Binay: UNA had nothing to do with Poe residency issue"" Wag mo kami gawing tanga at wag kang magmalinis. Ano kami, bobo?",1
Si Binay yung kaklase mong nag top 1 nung Kinder pero hanggang college niyayabang niya. Lels.,1
"SO IT'S DUTERTE TILL THE END. JUST DONT CHEAT, YELLOWS! ?????? #Pilipinas2016 #PHVote2016 #PHVoteDuterte #PHVoteRoxas https://t.co/o3W8Rw3jeo",1
"RT @mightynicknick: Feel ko glutha na kailangan ni Binay hindi na pagiging Presidente. Putek paulit ulit! Puro ""nog nog"" naririnig ko sa mg…",1
VP Binay tikom ang bibig sa pahayag ni Sen. JV Ejercito na si Sen. Grace Poe ang susuportahan ng kanyang ama na si Erap |via Allan Francisco,0
RT TVPatrol: KILALANIN: Vice President Jejomar Binay https://t.co/f5rM68MvaX #Halalan2016 https://t.co/EwAtt7ShBc,0
"Ito si Binay

Hindi sya nagchachat sa kung sino sino at sinasabing ""Kuya/Ate palike naman po nito"".

'Di kupal si Binay

Tularan si Binay",0
Nognog
Pandak
Laki sa hirap

Pero di tulad ng iba
Maraming nagawa

Yan si Binay!

TAE TAE TAE TALAGA! Nice Ad. Haha,1
@a7xrica Yun nga eh. Pero may sakit si Miriam. Ang hirap nito hati na mga boto sa kanila baka manalo pa tuloy si Binay.,0
This is what I fear. A population of the Philippines is stupid enough to vote for Binay. PLEASE don't let that happen.,1
Only binay only binay sino pa ba? Only binay,0
I'll not lead an uprising if Binay wins — Trillanes https://t.co/EXPhhaO7R6,0
PAGHILOM MAR ROXAS BI. PAKYU,1
"""Tignan mo to si Binay kung ano akong kwento nanaman iniimbento"" -Mudang ??",0
How did Binay manage to afford all this even after his accounts were frozen? Who does he owe? https://t.co/Em01B1ju02,0
"If the 2016 elections was a race between Mayor Rodrigo Duterte and former DILG Secretary Mar Roxas, who would... https://t.co/WmW8xmoR2J",0
Bagay na bagay kayo promise para kayong anak ni Binay??,0
"Ilang kilometro na nalakad ni Binay? Other than that, this debate won't be as good as TV5's. Karen is a disappointment #PiliPinasDebates2016",1
Take a shot when:

Binay mentions Makati
Duterte mentions Davao
Poe mentions FPJ
Roxas mentions Daang Matuwid,0
@zaicajane kayo nalang ni binay. forever kayo eh. XD azar,0
Mabuhay binay aba. Hahahahaha Hayop,1
"@cnnphilippines The reason Mar Roxas can't increase his numbers is that he is dumb and stupid and lacks sincerity, factors that can't be hid",1
"Binay &amp; Roxas kung hindi kayo mananalo, SHUT UP nalang kayo.",1
"Binay to PH Business Expo: I hope should you invite me again next year, I'd be the President of the Philippines. #PHvote",0
"Not Binay, Poe, Roxas, but Santiago. #Miriam2016",0
"""Ang boboto kay Binay, tanga.""-taxi driver, ang hard. Haha! :)))",1
The propaganda act didn't define Mayor Duterte. It defined how politicians in our country do dirty acts to gain power. 
DUTERTE TILL THE END,0
RT @kafanmily: Nakaka Gago tong ads ni Binay. Buseeetttt.
#ASAPPopKilig,1
@gmanews kung  walang cortuption walang poverty. isis isip ka naman binay @koy_lan,1
"Oh ayan mga bobo. Gagawin bayan ni binay , mar , poe , ? SALITA! ./. https://t.co/nhEKwUzQJn",1
ang layo ng mga sagot ni binay pota,1
Say NO to plunderers! A BIG NO to Binay!!!  https://t.co/oRSNYZ3k1V,1
"""POE, Putangina mo umuwe kana"" - Duterte",1
"I think we all KNOW who Noy's ""secret candidate"" is. *cough*BINAY*cough* https://t.co/dVPmhyRSjv #DaangMatuwid #CoryFavorite",0
"@Senyora Ang medjo nakakatakot manalo si Robredo baka ipa-impeach nya si Duterte.. eh galamay yan ni Roxas ,isama na si Trillanes.",0
Pol Ad: Nakakaiyak naman si Binay. Awang-awa ako sa kanya.

Joke. Big joke.

#AsawaKongAswang
#ALDUBHappyBdayLOLA https://t.co/EIwJ3nXh55,1
Nakita ngaun ng kalaban ni VP Binay kung gaano kadami ang sumusuporta sknya iyak nalang kau
  Only B1NAY   #OnlyBinayWinner,0
edi si Binay na pandak. nyeta parang ako hindi ah? nanyo! HAHAHAHAHAHAHAHAHAHA bwiset!,1
"Pabebe ka ng taon DUTERTE sige tumakbo ka ng maghati boto niyo nila POE , MIRIAM at IKAW, at nang manalo pa si BINAY -_- dahil sa gagawin mo",1
@jeiyoungs Kaano-ano ni Binay si Villar?,0
OMG ! Mar Roxas for President !!!
DJ sana di ka nalang nagendorse ?? https://t.co/PvBiPphiut,1
Chiz slams VP Binay and LP’s offer for Gordon to file DQ cases against Poe https://t.co/V7fbrj0qIJ,0
Burn binay! Hahahahahaha

KATHNIEL in Aklan
#VoteKathrynFPP #KCA,1
"Lahat nalang sa AlDub fans sinisisi. Nognog si Binay, kami may kasalanan. Binoboycott ABS, kami. Bagyo at baha kami parin. #MrAndMrsSotto",1
"If Duterte won't run for President, I'll go for Santiago and Bongbong tandem as long as they will appoint Duterte as DILG secretary.",0
@cruzjheeen yung last link na sinend ko nandun si Binay :((,0
"""Mar Roxas is not the first choice, but he's the best choice."" ????",0
"NAKAKATAINGA TLAGA SI MAR ROXAS . Di pwede to . Ganun nalang ba yun pag nakadayaan sa Election at nanalo sya ,... https://t.co/AHTDau4pbl",1
"I'm not into VP Binay or what, but really people? Just because the media and other politicians has something to... https://t.co/VWeEAkXl00",0
Sen. Trillanes accuses VP Binay of lying and trying to deceive public in his TV ad showing… https://t.co/isahD3so85 https://t.co/bKW72V9vEu,0
Quicho: Dito magsisimula ang kampanya ni VP Binay laban sa kahirapan. @PhilippineStar #BilangPilipino,0
"Basta pag si Poe o si Binay ang nag-anoint ng successor sa 2022 at lahat ng ginagawa nina Mar/Leni now e gawin din nila, OK din sa inyo, ha?",0
"Sana yung binoto nyo kay Poe-Roxas-Binay, binoto nyo nalang kay Miriam eh",0
"""At hindi ko kayo nanakawan."" -- #MarRoxas HAHA BOGUS AD! Can you say desparate??!!? #ELECTIONS2016",1
Nako Mar Roxas!Bakit naging pangalawa ka ??!tsk.tsk. alam na,1
Oa lang naman yung mga die hard fans ni dut//erte. Pero kung kay Binay or Mar Roxas ginawa yun matutuwa sila pa sila. :-),0
Tatakbo na si Duterte! So mahahati ang boto sa knila ni Miriam. At the end si Mar Roxas pa mananalo. Haynako! ??,1
"Sen. Bongbong Marcos gamely says he can get along with all presidentiables, Binay is also from… https://t.co/HeKJ0H4x1E",0
Retweet if you still support Mayor Duterte! Wag magpapaloko sa black propaganda!

DUTERTE TILL THE END https://t.co/xZiLv80Yya,1
"@rapplerdotcom this Allan Cayetano is a disgrace, babbling his mouth since gloria adm regarding Mike Arroyo and proven NOTHING. ?? Zero vote",1
"1 sinungaling, 1 bagito 2 masakitin na matanda, saan ako lalagay? Doon na sa sigurado #MarWithAPlan #RoxasRobredo https://t.co/iA8id5Pi8g",1
"In this election period, real image of people were revealed. Very much dismayed to Abscbn, Trillanes &amp; Roxas. Is there in conspiracy behind?",0
BINAY ON ASH WEDNESDAY. GRABE TO #NogNogHambog ?????? https://t.co/JmAoc5yIJO,1
"RT @aliceyana1: ""Imagine what havoc a #Binay - #Marcos administration can wreak""
Who’s afraid of #2016 ? 
https://t.co/15Wll6rXmZ
#PHVote #…",0
Desperate move Mar Roxas! Jusko. Lumaban ka ng patas! #MARumi,1
buti pa si binay hahahaha,0
Walang pinagkaiba si Binay sa isang 10 year old na tampururot. Masyadong paawa sa TV ads amp.,1
"Mar, Binay, Poe tigilan niyo na ang paggamit sa taong gutom.
Hindi porket mahirap pwede
niyo n paglaruan ang buhay. https://t.co/i0B2isZCvt",1
"RT kung traffic sa EDSA
LIKE kung hindi mo iboboto si Binay
QT kung ano sa tingin nyo ang laman ng biceps ni Alden
#VoteMaineFPP 
#KCA""",0
Medyo pasikat si binay ????,1
"#AbiasCBN why did you not report on Grace Poe's about the ""hakot buses"" in which passengers are stranded? @ABSCBNNews",1
bakit mas mukhang may  sakit si grace poe kesa kay miriam? sns,0
"Poe, Binay, Duterte ‘all good’ for Migz
https://t.co/StnnHCaOwG",0
"VP Binay, UNA condemn killing of former councilor of Sto. Tomas  https://t.co/erXBgg6tor | via GMA News",0
#WeAreForMar #MightAsWell #DKKidnap #RoxasRobredo https://t.co/UFaWtU4vAq,0
"Maski mag as one pamo Poe and Roxas, you can't still defeat Duterte.",0
@PhilstarNews wla nmn kaung mgndang ibinabalita kay Binay. Di nyo kami mlloko dito #OnlyBinayInMakatiSanKaPa 
Ang Pagbabalik Binay In Makati,1
alam mo binay alam na naming pandak at nognog ka wag mo na ibroadcast. ??,1
"Mga kandidatong pasok sa opisyal na balota:
For president:
1. BINAY, Jejomar C (UNA)
2. DEFENSOR-SANTIAGO, Miriam... https://t.co/LfwV7AUrV0",0
Binay gave us again one reason to not vote for him. #NognogHambog,1
@marohomjam 0o nga. Pero sery0so c binay eend0rse ni alden?,0
"Visitation of VP Jejomar Binay, Sen. Gringo Honasan &amp; Gov. David Jayjay Suarez, Quezon 1000 Days of Life and... https://t.co/YJvAz3qQBk",0
Takot na si Trillanes &amp; Roxas. Kaya grabe nalang nila siraan si Duterte ?? Sila kasi unang titirahin ni Duterte if ever na manalo siya eh ??,1
bakit si roxas ayaw pumunta? di lang kasi boo abutin niya! GO VP BINAY! #binayforpresident #NogNogSinunog #onlybinay https://t.co/zlfei5tORD,1
RT @itssmilyne: Daming commercial ni Binay! May bago na naman. Yaman. Hahahahahaha
AlwaysBeThereFor KamZo,0
"Mar Roxas srsly needs a PR specialist or something. Although, it's rather enlightening, the absurd things coming out of his mouth.",1
ETONG AD NI BINAY NAKAKAINIS. NOGNOG? ALAM NAMIN OY!,1
Binay tops pre-election survey https://t.co/1IkY9yPm2D | via Eagle News,0
Sa tuwing napapanood ko yung ad ni Roxas at Binay nababadtrip ako taena!,1
REtweet mo kung pabebe si Mar Roxas,1
Traffic na naman dito makati haaay binay,1
SI VP Binay alam kung paano paunladin ang bansa.
#OnlyBinayBFF,0
@MicaAncajas because people loves to complain. I VOTE ROXAS #Halalan2016 Mar Daang Matuwid RORO RISING,0
"Roxas &amp; Binay reaching out to the poor, Miriam to the educated, and Poe to...uhm...Comelec daw muna. May kaso pa e. ??",0
Binay is out of his mind.. No VAT for 30k and below earner is such a ridiculous thing you could ever imagine .,1
RT @kimagravante1: pati si binay ideal boy na ng mga babae hahahaha :D,0
Grace poe is down in the second rank in the survey #Poe2016,0
Nakita nyo na ba yung Mar Roxas at Miriam Santiago ng San Marcelino? HAHAHAHAHAHAHAHAHAAHAHHAHAHAHAHAHAHAHAHAHAHA,0
Bunga ng hilaw na pamamalakad. 
Kaya hinding hindi talaga ako boboto sayo Mar Roxas. https://t.co/yybupmzMCR,1
"GUYS HELP ME SPREAD THIS. Dito po sa amin sa Lanao Del Norte, kahit si Duterte ang nilagay, si Roxas ang lalabas. ?? https://t.co/1hYXG0dMvn",0
"Uh-oh, Poe's lead to Roxas is down to 20,377!!! #Du30 #PHElection2016",0
Duterte is running for president. Now this is a sure win for Binay. ??,0
"Sus Binay at Roxas, kahit walang joke na sinabi si Duterte, alam kong ibabash nyo parin sya. Don't me.",1
"VP Binay, Ikaw na ang sagot sa kahirapan sa bansa #OnlyBinayPriority4Ps",0
Mga pa-echos mo Binay! Ika'y tumigil!,0
Ewan ko sayo Binay. Hindi yon dahil sayo na mayaman ang Makati. Dahil yon sa tax ng mga Ayala. ????,1
"RT @maxell_lander: Luko-luko ka talaga Abaya! Anong ""sabotage""? - Ikaw at si Mar Roxas at Noy Aquino ang mga nag sabotage sa MRT! https://t…",1
Ako lang ba ang may tingin na walang kwenta si binay. Hhaaha,1
#LRT Sorry Bongbong Marcos =( I will NOT vote for you but I will vote for your running mate Miriam Defensor Santiago =) #NeverAgain,0
Ma si poe nalang kung ayaw mo si duterte! Wala ka ding ambag eh!,0
"""@ANCALERTS: [VIDEO] Why Rep. Binay can never forgive Sen. Trillanes http://t.co/CrCsEvGuGG"" didn't even bother to read why. #diversionary",1
"#TV5Aksyon | VP Binay, nanligaw ng mga botante sa cavite. Umaaksyon si @inazara #BilangPilipino #news5aksyon",0
"Mar Roxas' new commercial is such a big ""Ano ka ngayon Binay"" Nognog pa more. Trapo.",1
"@shekaiiinah hahahah mas sayang boto kapag kay binay, mar napunta hahaha (wag ka magalit kai) hahaha para sakin lang yan",0
RT @PEPalerts: KathNiel leads celebrity gathering for presidential candidate Mar Roxas... https://t.co/L2iMzuLPRY via @SmileForDaniel,0
"Diktador ang dating ni @senmiriam, she who can't be questioned. NO to #Miriam2016. https://t.co/wIxRKePYui https://t.co/V5p0EtimMS",0
"VP Binay disagrees with Duterte, says death penalty not the solution against criminality | via @jv_arcena",0
Transcript of Mar Roxas' Interview On NAIA Tanim Bala: https://t.co/642pHLxCuC,0
Mar Roxas criticised for showing his receipt to the Media https://t.co/Jj4ht25ChG,0
"duterte &amp; miriam talaga ako. kung hindi sila, binay or poe. mar? wag na. ?? #PiliPinasDebates2016",0
Jejomar Binay: Narinig niyo na naman ang mga bintang na walang kinahinatnan na ako ay nahatulan. #PiliPinasDebates2016,0
si VP Binay ang kailangan para matapos ang kahirapan  
#MambobolangDuterte,1
"""Kahit ano pa ang sabihin nila, ang Makati at Binay ay iisa."" - Abby Binay

Entitled bitches.",1
ibinoto nyo dapat kasi si ...  WISELY ! xD

kadeee..
kahit sino na for President.. WAG lang si MAR ROXAS ! :-P,1
"""Bakit dahil kay Binay....Bakit dahil kay Binay....""
Nognog. Pandak. Magnanakaw!
Gago. Wala kang naloloko dito.",1
@jowierivero lets just be honest..we both know leni is the only one that can pull an upset...but for the pres. Its duterte/poe/binay not mar,0
RT @BatchiFckngLuna: From Santiago to Duterte. Damn it. Bakit hindi na lang kasi silang dalwa yung tandem. Pinapahirapan pa 'ko jusko.

#Du…,1
What a drama queen. Para kang si Binay. #iiyaknayan https://t.co/uy8oU7Jskt,1
Di ako #du30 pero grabe PNoy. HAHAHAHAH ganyan ka pala kababa. #notoroxas #yellowpropaganda  https://t.co/G54fVBaoM4,1
"If you hate Binay or if you hate Duterte, then hindi niyo talaga na gets yung Debate.",0
Wag kang mag alala roxas ?? pagnanalo si du30 popondohan nya yung business nyong tsinelas ni korina ?? chill kalang,0
"Only Binay? Karen Davila be like, 'Expound'. #Eleksyon2016",0
Ginagaya ni Paris yung batang naiyak sa commercial ni Binay! Hahahaha,0
@Politiko_Ph Puro ka kalokohan MarRoxas wala kang alam sabhn kundi puro pani2ra sa kapwa mo papogi ka
#OnlyBinayPriority4Ps,1
"36. Kapag si Binay ay nagronda sa gabi, makikita mo ba siya?",1
"3 days straight na exposed sa init, ano napala? Edi eto nognog na kagaya ni binay. Dafuck ??",1
"Si Binay: nognog, pandak, laki sa hirap.

Si @AerielleArlg: pango, pandak, rak na rak.",1
Maka-RoRo sa taas
Maka-RoRo din sa baba
#PHVoteRoxas #Roxas #LabanLeni #PHVoteMarLeni #MayoNaRoxasNa #WeAreForMar #RoxasRobredo,0
"@aisaraaap magpakatotoo tayo beh. Kahit corrupt si tatay, Binay pa rin. ??",1
binay pakibigyan nalang sila ng cake,0
"Front page: Binay's lead narrows, Duterte up in latest BW-SWS survey | Full story at https://t.co/fJMTYQzWZH https://t.co/JhZCCqayLF",0
@PhilippineStar lahat kaya ni VP Binay nalagpasan nya nga yung pangungulila yan pa ba mga binabato nyo sakanya
#OnlyBinayInMakatiSanKaPa,0
Humabol si Mar Roxas ;--;,1
"Binay: We need to increase IRA for 4th, 5th class municipalities. We must empower local government units, make them accountable.
#PHvote",0
"Mar Roxas knows Grace Poe's number. Nagpapresscon pa talaga, sana tinawagan niya. Papansin masyado. Drama queen. #disente",1
"My turn. Can you verify this, @interaksyon? Never mind the other 2 baka takot k Poe.#PhVote #HakotPaMore #PHVotePoe https://t.co/3kFHRNJI1s",0
"Meanwhile, Binay and Grace, di pa namin nakakalimutan ang issues against you despite saying #NoToDuterte. #NoToBinay #NoToTraPoe",1
"Sorry na talaga, pero kapag si Binay na hindi ko maiwasan matawa. #PiliPinasDebates2016",0
"back to politics, mas may pagasa pang manalo si binay kaysa kay roxas",0
...parang gustong palabasin ni Mar Roxas na lahat ng pulitiko ay magnanakaw! #PoliticalAd,0
Mar Roxas giniit na hindi dapat magpadalus-dalos sa pagtugon sa isyu ng tanim-bala sa NAIA. #aksyonsaumaga https://t.co/hQMQ37GDGd,0
"Binay gives out candies with his name at Bgy Nine, Balayan, Batangas #VotePH2016 https://t.co/ubHLmAwEM6",0
"RT @Asdfghjklstr: ""sus bakit si mar roxas pa"" - mameh hahahahahahahahaha",1
"@juanmagdaraog Trust ratings of Mar Roxas have gone down, despite all the spin. He ranks a far-away third nationally, trust-ratings wise",0
"Yellowtards out there! Is Mar Roxas' action is what you call ""Decent""? #AyawSaDILAW",1
@Kuya_Duterte  Paki baril si mar roxas ????????????
choss ./.,1
"OMG, Mar Roxas already on top #MarRoxax #RodrigoDuterte #PresidentialCandidate #Opinion #ResIpsaLoquitur https://t.co/k2GjoH2vBk",0
Diba Binay vice ka ni PNOY? Edi wala ka din kwenta sa 6 na taon na walang nangyare sa bansa. Kupal ka forevs.,1
"Ayaw daw kay Duterte kasi baka magka Martial Law at magkagulo lang , so kay Roxas kayo ? Di pa nga nananalo... https://t.co/OcHALi9G3T",0
FUCK YOU MAR ROXAS. fr my #squad 
PH VOTE DUTERTE #DuterteDay https://t.co/0DtlarEB03,1
@tashelectrify Gaga :)) he conceded yesterday. I think si Binay nalang wala,1
@gmanews Tanong ko po kay Binay: Kung siya ang mahalal na Pangulo ano ang kanyang mandatory para patigilin ang korapsiyon?,0
"Pero nalupet pa rin si binay, hanggang sa dulo lumalaban. Kahit alam niyang talo na siya.",0
"RT @itsmeashiee: TANGA LANG ANG BOBOTO KAY MAR ROXAS, UULITIN KO, TANGA LANG.",1
"Sa President naman walang bumoto kay Duterte, Roxas at Binay sa family ko.",0
Pikon talo. Labanan ni Roxas at Duterte. Hahaha!,1
Putangina Duterte for president!!!! Sumpain ka MAR ROXAS HAHAHAHAHAHA!,1
"Mga nagtatanim ng bala, Binay, Napoles, Kayo na pong bahala",0
I dont know what dots is but i laaaffhhdhfhdhdj so hard at Binay as Blackie ???? whyyy ???????????????????? https://t.co/Uqhg66CjRP,1
Binay will not abolish a good pro poor program
#OnlyBinayPriority4Ps,0
Binay: Sama-sama tayong isulong ang ginhawa sa bawat pamilyang Pillipino
#pHvote,0
"""@PHVote: Grace Poe, Miriam Defensor Santiago top vice president choices for Mar Roxas – survey http://t.co/RM6efXaGxN #PHVote"" PRES. MIRIAM",0
Magkano naman ibinayad ni Mar Roxas kay Daniel Padilla para ienderso s'ya? More reasons not to vote for Mar,0
Binay: Isang taon na nila akong pinagtutulungan.      #VotePH2016      #PaUnderdogEffect,1
"Ako lang ba naiinis sa advertisement ni Binay? Nognog daw tayong lahat? *lol, ikaw lang.??????",1
"Sige, buhat pa ng bangko, Binay. Isa ka pa. Hidhid ka rin. https://t.co/4xAn7LP6l1",1
@kylazoleta i'm having an argument with my mother about mar roxas rn.... ??,0
Bsta ah we are not voting for Binay ????,0
"Ayan nanaman tayo sa linya ni Binay na ""katulad sa Makati"" PWE",1
"Before matulog number 1 si duterte, Pag katapos matulog number 1 na si roxas. #Blackmagic",1
"Appearance of VP Jejomar Binay, Sen. Gringo Honasan and Gov. David Jayjay Suarez during the Distribution of... https://t.co/kMgXyaV1YJ",0
RT ABSCBNNews: The Information against VP Binay will be filed after the expiration of his term as Vice President. | via OmbudsmanPh | via A…,0
@acerneil_quinto hahaha. Loko. Parang ganun lang. Sige jan ka na sa Binay mo. Hanapin mo yan pag............,0
"Mr. MAR ROXAS, kung sakaling maisip mo na mag concede ka na, ""baka"" skaling may matira pang pagmamahal sayo ang taong bayan. #realtalk #du30",1
Mar Roxas u gotta be fuckin' kiddin' meeee. ????,1
"Kanina pa 'yang sasakyan na nagpapatugtog ng  ""Only Binay, only Binay... "" Sa dinami-rami ng pwedeng LSS... haay.

Nakakasira ng weekend ha.",0
Ako lang ba yung naiinis sa commercial ni Mar Roxas at Binay? ?? plastik masyado.,1
"Kampo ni VP Binay, naghain ng motion for reconsideration kaugnay ng isinamapang kaso ng Ombudsman I via Allan Francisco",0
Hindi ka mananalo Mar Roxas so shut up ka nalang #AyawSaDILAW #SoShutUpNaLangSeries,1
"kunwari wala sa UNA. Aber, si Binay kaya tinawag si Poe na American girl...",1
Bet ko talaga tong TV ad. ni Binay ! ????
#ALDUB14thWeeksary,0
"Senator Poe says she is not affected by the ""Am-Girl"" tag given to her by VP Binay | hey_marv",0
Ang sakit lang isipin na mas nauungusan ni Roxas at Binay si MDS ??,1
@teddyboylocsin BSAquino is having panic attacks(#UboPaMore); unity call vs #DU30 just confirmed Poe as 'Manchurian Candidate'; LP jumps gun,1
Simula na ng huling debate para sa pagka pangulo. Ipanalo ang gobyernong may puso. #PHVotePOE https://t.co/kwMAl0WxTi,0
RT @fadedreceipts: Only Binay/Only B1nay ang papalit sa One Direction

#MTVStars One Direction,0
"""Ayaw na natin ng gobyernong manhid."" -Poe #PilipinasDebates2016",0
PHL BUSINESS CONFERENCE Binay lists priorities cut tax rates narrow infra gap lick poverty https://t.co/p5lI3PyJc6 https://t.co/DCNoej82Ej,0
Good news! Go VP Binay! #binay2016,0
Ayoko na panuorin 'tong replay nairita lang ako lalo kay mar roxas puta.,0
"dont wanna be a political analyst real quick but nakakahiya ata mga pinag gagawa nila aquino, roxas and trillanes? Gradeschool moves",1
2 wks after he got booed during sinulog. binay strikes again. 
'Welcome to BINAY country' tarp at IEC mass yesterday.https://t.co/GjPj18PXpD,0
BOBO BINAY YES OR NO NGA ??,1
Bakit dahil kay Binay baka masira tong TV namen....,1
"Makati Rep. Abi Binay confirms she will run for the Makati mayoralty race. ""It was a last minute party and family decision.""",0
Hanggang sa tvc ba naman sinisiraan si binay.,0
@interaksyon They are not doing the Binay' bare hand eating....unhygienic?...they are not smiling also?,1
"#UNTVRepaso2015 Dismissed Makati Mayor Binay, sinampahan ng bagong plunder complaint sa Office of the Ombudsman [18-12-2015] [NY-A1741]",0
.maroxas camp to PPCRV: Apologize #BilangPilipino https://t.co/3LxprrV3Xa,0
These Mar Roxas antics meant to cover up preparations for fraud. 

Real news for today: hundreds of VCM technicians replaced last minute.,1
"Condonation doctrine na ginamit na depensa noon ni Mayor Binay, ibinasura na ng Korte… https://t.co/XEJptdm0iN https://t.co/bQwAwFBRB8",0
"Fuck Duterte, fuck Binay, and fuck Marcos.",1
Tangina ni binay talaga ??,1
Nognog Pandak Puñeta tumigil ka na Binay! ??,1
Binay: Survey on poverty proof of non-inclusive growth | https://t.co/1tUJ1f33B8,0
"RT senmiriam: I am on the cover of the maiden issue of Gavel &amp; Robe, a magazine about Philippine law and lawyers. … https://t.co/dtWnIZXFOe",0
NOGNOG
PANDAK
LAKI SA HIRAP
PABEBE
NOGNOG ULIT
YAN SI BINAY!
#NogNogHambog,1
"RT @gracepoekami16: God, please give us leaders that believe in You! #Philippines #GracePoe2016 #GracePoe #MarRoxas #Binay #DaangMatuwid ht…",0
"My Uber driver asked me kung sino ang presidente ko. I just answered ""kahit sino, 'wag lang si Binay"" ???? #Halalan2016",0
@rjnaguitskona Nakakalungkot. :( Roxas Binay etc can die anytime though.,1
Romualdez cousins supporting Binay in 2016? via @rapplerdotcom https://t.co/6SeohzGJMw,0
Plot twist: Biglang manalo si Mar Roxas ??,0
RT @twerkitlouis_: NANCY BINAY FOR PRESIDENT PO! LIBRE LAHAT NG CONCERT TICKETS AT MAGKAKARON NA TAO NG NETFLIX!! BOTO NA! BINAY FAMBAM!xx …,0
Enrile announces that he is for Binay.

Birds of the same feather
Make
A
Good
Feather
Duster https://t.co/IrlzHoLb35,0
uy duterte di ba nag submit ka lang ng candidacy dahil hindi disqualified si poe? psst wala na daw sya oh ha ha ha jk,1
Mlapit na ang #ELECTION pero undecided prin ako.. Who will be my next President!! Wooh hirap...!!!! Pero ayoko tlga kay Mar at Binay...,0
"Poe, Roxas, Santiago weigh in on controversial Canada trash https://t.co/6pM3uuObxb #PHVote https://t.co/ypk1bhHF76",0
For continuity. The only all-Filipino tandem. #RoxasRobredo Way drama. Trabaho lang.,0
DI GUMAGANA UNG MIC NI BINAY HAHAHAHAHAHA #PiliPinasDebates2016,0
FCKING MAR ROXAS AGAIN ON TV PATROL?!!!!! COME ON ABS-CBN!!!,1
".@SenGracePOE on Roxas saying it's down to him and Duterte: It's too presumptuous. It's not for elite, a few people to decide who should run",0
Walang magsasawa haaa. team VP binay #OnlyBinayParehoTayo,0
"RT @supsup010: ""ANO ANG PAGKAKAIBA? Mar: Pilit Nagpapaliwanag; Binay: Ayaw Magpaliwanag; Poe: Hindi Makapagpaliwanag; Miriam Santiago; Sana…",1
Abby Binay instructed by BEI to fall in line and wait for her turn to vote. #Halalan2016 https://t.co/nK2HxupaSZ | via @maan_macapagal,0
ANG DAMING COMMERCIAL NI MAR ROXAS!!!
#KaUmay,1
ang daming political ads ni BINAY! NAKAKAIRITA!,1
"natatawa talaga ako dun sa ano ni binay "" bakit kung sino pa yung nognog "" ??????",0
Binay pakisagot po muna yung allegations nyo sa senate before you complain na pinagkakaisahan po kayo. Thanks po.,1
Grace Poe versus Mar Roxas: Compare and Contrast Their ACHIEVEMENTS
https://t.co/dCvxRlisoq https://t.co/8vTgG4jxns,0
Why do I get the feeling Mar Roxas is turning people off ON PURPOSE? #AyawSaDilaw,1
Ang plastic ng mga nangangandidato lalo na si binay ????,1
"DuRo, Duterte Robredo na? Pero di ko kinaya ang EverBiLeni (Binay-Leni)  
??

#LeniTheRealVP #RecountVP https://t.co/h2tVE7hGJy",0
.@TrillanesSonny: I am 100 percent certain that Binay will not change. He is a lifelong thief and plunderer. #VotePH2016,1
"""Walang nakikitang mali si Poe sa anti-duterte ad."" WHAT?! SRSLY POE?!!! roxas to poe ayawsaDILAW",1
"@darlinnkeyy all of them but binay were good. Pray &amp; ask for enlightenment. That helps. ;) also, go for someone who delivers not just talks.",0
"Boo, binay ??",1
Binay cries foul over Inquirer report on alleged dummy bank accounts https://t.co/fEUqXelLar https://t.co/fhHu9YrhJB,0
"Graft, corruption not the same, Binay tells students https://t.co/EAPnFt969N | @inquirervisayas https://t.co/izu8j2Rg2V",0
Si Binay ginamit na lahat ng sa tingin nya ay kakaawaan sya para makuha ang simpatya ng tao...,0
"Sorry but we won't vote for a womanizer/trashtalker/killer.
Still, Go Grace Poe!",1
"VICE President Binay  spent P595,713,000 for television electoral adverts in 2015 He said the ad money came from friends &amp; supporters",0
VP Binay expects more black propaganda amid ratings rise. | via @jv_arcena,0
"Reminder lang: may nangongopya kasi.
Walang hugot, walang drama, walang pasiga-siga. Trabaho lang.  Mar Roxas po
https://t.co/hbmVDuvOJU",0
"You are an INC, but you are endorsing Mar Roxas. What would you do @bernardokath ? #MoneyOverFaith or #FaithOverMoney ? #AyawSaDILAW",1
(Habang traffic sa quiapo)

Bata1: Kapag si Duterte naging presidente mawawala na magnanakaw dito
B2: Kaya si Roxas o Binay boboto ko eh,0
Friday the 13th : Sinabi ko sa mga mamang especially Kay Nancy binay Kung sino crush ko ?????????????? @Betchaaaaaaaaay  #RedenDiary,0
"Buti na lang, ni-reject ni Grace Poe 'yung ""offer"" ni Mar Roxas. Hahaha. Alam niyang gagamitin lag siya niyon kung sakali eh",0
"In fairness. Nagpapaka-Honasan si Cayetano. ""Wag na ko, si Binay na lang."" ""Wag na ko, si Mayor Duterte na lang."" #TheLeaderIWant",0
"Bobo ka padin mar roxas, hindi ka dapat maging presidente",1
"""Kung si Vice President Jejomar Binay ang magiging susunod na pangulo, itutuloy daw nya ang laban sa corruption."" (GMA News, 2016) 

ULUL.",0
Mar Roxas your call for unity describes one thing! SELFISHNESS! You don't deserve to be the PRESIDENT!!!,1
Okay nga si Mar nalang kesa si Binay. O ano? #PSYPagyanig,0
"""kaya sa mga nognog, nognog din ang nagmamalasakit.""
tsk3. ayaw ko na kay Binay. hindi pala siya nagmamalasakit saming mga tisoy. nakaka sad",0
"'Pag wala raw naproklamang VP, extended daw si VP Binay. 

#asa ??",1
@riashernandez Agree. Binay at BBM  prez and VP nya? Scary.,1
@chiarazambrano Wala. Gusto nyo lang siraan si VP Binay. Hindi ganyan si Idol tsk,1
"@LamBretchAtayan pero honestly, naaawa ako kay binay. ?? Kahit hindi ko alam yung story nya. Lol",0
I'm starting to believe that the Binay's did not created a public service. They created a cult instead. #BooForBinays #StupidSupporters,1
I heard the Binay radio ad... i almost stabbed myself.

#KnowTheCandidate,1
Only binay only binay ?? pota LSS,1
"Rep. Binay: I agree with full transparency but if it becomes a deterrent to efficiency, you'll sacrifice basic services needed by the city.",0
"Kay Binay, pera pera lang yan. Alam nyo na ha. https://t.co/426ZJVETao",1
Would be happier to see Miriam switch places with either Roxas or Binay on the polls. But would be the happiest if she became the president!,0
si binay!!! ???? https://t.co/w8cFMFnbtG,0
Mar Roxas' ad worth of 700M Pesos. :v,1
With the vice president Binay ?? http://t.co/MQjYd5Dbnu,1
ROXAS IS MY PRESIDENT
ROBREDO IS MY VICE PRESIDENT

Mar Daang Matuwid,0
RT @inquirerdotnet: Mar Roxas proclaimed datu by Lanao sultanate https://t.co/Nyluqomn8H | @Team_Inquirer https://t.co/GUcBGMzvcE,0
Bea to mom: A yí you dont like binay? Diba madami siyang tinutulungan 

HAHAHAHAHAHAHAHAHAHAHAHAHAHAHAHA,0
Honasan belies crowd at Sinulog booed Binay https://t.co/L13Ddi7Q8D https://t.co/w4g2plbdXD,0
"Binay is just wasting his time trying to bring Duterte down. Tsk. Digong, ayaw nalang na tawn siya pansina #PHVoteDuterte",1
"Teacher ko pala si Nancy Binay, kuhang kuha maam!",0
Si Roxas at Binay ung nag dala eh ??????,0
Pati ng yung Report nila Regarding sa Pambabastos daw ng mga Students ng UPLB kay VP Binay. Mali-mali!! Pwe!!  #ABSCBNnomore,1
Para sa kinabukasan VP Binay ang nag iisa
.Only B1NAY 
#OnlyBinayWinner,0
"Si Duterte, ala-Hitler; Walang alam si Grace; Binay, kurakot ang isyu | Walong araw matapos ang ikalawang... https://t.co/aUzTsuMeK7",1
Nakaiyak talaga ang story ni Binay ??,0
Hala nasunog-nog-nog-nog-nog-nog-nog-nog-nog *chura ni binay

HAHAHAHAHAHAHAHA,1
"Campaign slogan ni PNoy noong nakaraang eleksyon, kinuwestyon ni VP Binay I via Allan Francisco",0
Mar Roxas at Leni Robredo po. https://t.co/Opl48T9g36,0
sana hindi manalo si Mar Roxas,0
#ABSCBNIRRESPONSIBLE pwede si Binay naman next week? Or si BBMarcos? para FAIR? Kaya ba natin yan? Ha? :P,1
The problem with Mar Roxas is his being an elitist.

The problem with Grace Poe is her being a neophyte.

#Election2016,1
Magkaiba si Binay at si Alma.
Si Binay Nognog.
Si Alma Moreno.,0
bwisit ka roxas! mas bastos ka p kay duterte for pulling grace poe down! #AyawSaDILAW,1
Good friends of Duterte: Poe and Santiago ?? #PiliPinasDebates2016,0
"Dear Mar Roxas, makaramdam ka naman. Bawat commercial hindi pedeng hindi ipapakita yung tvc mo. Nakakasawa na ho.... https://t.co/XWJ7B7Uj4O",1
"Are u? Not our MAR. He personifies ""BAYAN BAGO SARILI. An attribute that's very MAR. #WalangiwananMar #MarRoxas2016 https://t.co/X4FFsGiUxb",0
oo na binay ikaw na nognog di naman kami naiinggit sa kulay mo e iyong iyo na!??,1
Punyetang binay to. May bago na namang commercial punyeta,1
Maki #JJBinay na ako Puro na lang kasi Sandro #BilangPilipino #BBM4VP https://t.co/3FZ2OhTtk4,0
"It takes a special someone to make Binay look reasonable, classy and a gentleman. Nice job Duterte! Didn't think it was possible...",1
Kwento mo Mar Roxas! May galit talaga ako sa'yo simula nung paglamatay ni Robredo. ??????????,1
Presidential Preschool:
Top 1: Santiago
Most Disciplined: Duterte
Most Polite: Poe
Most Active: Roxas
Best storyteller: Binay

#Duterte2016,0
"Sa sobrang hindi pagka G ni binay, dinoble pa nila at tinawav syang noGnoG",1
"“Arrogance, some might call it. Arrogance and avarice and lust for power.” - Catelyn Stark, describing Lannisters. Or Mar Roxas.",1
I'd rather have Mar as president than Binay or Poe. Pls lang ??,1
Dahil nandito si Binay. Wala ng klase. #INIT #haggardface https://t.co/eNQu3pm9iz,1
"Hoy gago, wag ka ng bumoto kung si Binay lang din naman ang Pangulo mo. Charot!",1
"RT ANCALERTS: 'Don't cheapen the presidency,' Duterte tells Poe's camp #Halalan2016 https://t.co/sadxacM6gf https://t.co/dvdWRyaxMN",0
"Pag manalo si Grace Poe sa eleksyon laya agad sina Jinggoy Estrada at Bong Revilla. Di rin makulong si PNoy, na... https://t.co/PGexmEY106",0
Plot twist:
Sen. Grace Poe: Ibibigay ko nalang lahat ng boto ko kay Mar Roxas! ??????
#HALALAN2016,0
Mar Roxas: Ipagpatuloy ang DAANG MATUWID!

VOTERS: Di ka namin iboboto! SO SHUT UP NA LANG! ??
 #SoShutUpNaLangSeries,1
Morales says she has reliable source to prove Binay pressured COA to delay report https://t.co/fEUqXelLar https://t.co/x0CkJTSrUV,0
"Naglapana ang naka orange sa Maynila. Akala ko si Binay, si Erap pala ang may kampanya pero wait may pinagkaiba ba? #TrafficAlert",0
@Mowhammered @ylona_garcia @rapplerdotcom SI BINAY HAHAHHA,0
"""Beauty is power,."" If wala kay power, wala kay beauty. In other words, Powerful lage si Binay.",0
@yffar03 Bakit napunta kay Binay? Huhuhu.,0
desperate move Mar Roxas! desperate move! https://t.co/o9VILk1OKH,1
"Kahit sino man manalo sa kanila ni duterte, poe at miriam wag ang yung dalawa but mas bet ko du30 ????",0
INC si Kath Bernardo tas nag endorse kay Mar Roxas. Whoot?,0
Jusko puro mukha ni Mar Roxas nasa TV.,1
Mayor Junjun Binay visiting the wake of lolo's kumpadre. https://t.co/fDCJdfrDhf,0
Chiz: I’m not leaving Grace to join Binay https://t.co/4LmE0he8VY #DefiningTheNews https://t.co/fqnA675byo,0
"Poe's citizenship, Binay's wealth, Roxas' actions, Duterte's words, Santiago's health.",0
Mar Roxas at Leni Robredo lang po. https://t.co/qs66gnvOJu,0
Buti na lang di pa Presidente si Duterte kundi patay ka ng Snatcher ka ??,1
@Pepe_Alas Binay actually looks like Nidora. Hahaha #ALDUBTheLetter,0
"Now I think that the Alma Moreno interview, same w/ Binay during the UPLB forum, is a form of act to gain sympathy and popularity. #PRworks",0
"On toughest opponent of Roxas, Robredo said ""Everybody's game but VP Binay had already organized (campaign) long before."" #PHVote",0
"DZRH exit polls: Duterte 41.9%, Poe 20.1%, Roxas 19.8%.",0
Poe shrugs off Binay-Escudero chance meeting; it’s not surprising https://t.co/AK3cHQhBXS | via INQUIRER,0
"Palasyo, pumalag sa paninisi ni Binay sa Zapanta case

Mariing inalmahan ng Malacañang ang paninisi sa kanila ni... https://t.co/JY2zJV3GqV",0
Mag withdraw kana Mar Roxas para kay Lorna Tolentino Lmao

#AyawSaDILAW  https://t.co/LaSfoGDtrQ,1
Umay ako sa Paid TV ad mo Sir VP Binay. Masyado na garapalan.,1
"#TV5Aksyon | Liberal Party, hindi nababahala kung hindi nangunguna sa election surveys si Mar Roxas. #News5Aksyon",0
@Pcy_JohnEbol13 Mga nasilaw sa perang bayad ni Roxas.
VOTED BINAY PLS COUNT
#OnlyB1NAYPresidente  #Halalan2016,1
I'm a responsible Filipino and I will not vote for Mar Roxas. Wala kang mauuto. Di ka mananalo! #AyawSaDILAW,1
Another reason to hate Jejomar Binay https://t.co/u7NcEqfMMj,1
@dzIQ990 @jay_dones black propaganda nga nmn tlga e. Khit gnun mdmi prin sumosuporta kay VP Binay #PHVoteBinay,0
"Forget Ayala skyline, look beyond: Abi Binay https://t.co/zQbc7GaoMT https://t.co/sS03oJdXwf",0
"SA GINAWA NI MAR ROXAS, MAS LALONG MARAMING SUSUPORTA KAY DU30! PATI MGA LOCAL CANDIDATES NA DILAW AY MAGULO NA RIN. https://t.co/naduYvrLzV",1
Lolol naalala ko may kumalat na chika na inofferan ni Mar Roxas si Alden ng 100M pero tinanggihan. Tapos ngayon bigla si DJ na mag eendorse,1
Binay: Kahirapan
Miriam: Economy
Duterte: Criminality
Poe: Agriculture
Roxas: tsinelas ni Korina

#PiliPinasDebates2016,1
May nagbigay ng orasan samin may muka ni Binay wtf,0
My personal ranking for PH Presidentiables:
1. Poe
2. Santiago
3. Roxas
4. Binay

Nothing follows. 

#Poe2016,0
Duterte and Marcos still leads at 8 % of the votes coming in. Poe overtakes Roxas for second place while Robredo... https://t.co/OHYyxO2Pta,0
"""I call for unity, i call for decency, i call for democracy""-mar roxas. then he should consider stepping down as early as now??? #PHVote2016",0
"Binay no.1 pa rin sa SWS survey; Duterte, Poe patas sa pangalawang pwesto https://t.co/2m0w8kSrw3 | via Bombo Radyo",0
#marroxas and #LeniRobledo: To LEAD is to SERVE! Let's choose SERVANT LEADERS.Not Thieves; Not Tyrants. The EQ Post https://t.co/HdmhuBqLgG,0
#WantedPresident #WantedPresident 
sobrang laki ng Hacienda ni Binay.. buong pamilya siguro nila nangungurakot.. ??
#OpinionkolangAh,1
Rampage si binay sa timeline ko hahah 
#NogNogHambog,1
It's really a fight between HHMNBN and @MARoxas! And the good shall prevail! #PHVoteRoxas #SwitchToMar https://t.co/msBhjQjlB7,0
"Kahet stress, napawi nung nakita kita. Binay!?????? https://t.co/ZFtIrmlG0B",0
[NATION] VP Binay to kick off campaign in Mandaluyong  https://t.co/CLAlv8yhR3 | via GMA News,0
SA INANG BAYAN
#MasMaramiTayo 
#MarLeniWins 
#RoRo2016 
#RoxasRising https://t.co/XHp3YNpv61,0
"Roxas, PNoy are obviously the ones behind Trillanes' attacks vs Duterte. Does anyone still think otherwise? https://t.co/iMgE6bHmKt",0
"Mar Roxas, you are an embarrassing idiot. #LaglagBala",1
May bumoboto pala kay Mar Roxas? ??????,0
"@jairagizelle ow, Sorry naman, HAHA sabi ko ke silang itext si binay hindi na ako nireplyan.",0
Walang katapusan na aking ama ni grace poe.,0
"@JoshuaSenpai_ HAHAHAHAHA. Ang tatag na trabaho non pre. mas mahirap pa sa dinanas ni pacquiao, pati binay hahaha",0
@giselleallyn teritoryo ni Binay yun G. Haha,0
#1 duterte 
#2 roxas 
Wth . Roxas never been #2 in surveys . Somethings fishy .,1
@mgvtrb traPoe na oPoertunista pa! Bagay na bagay sa ka-tandem nya! @angie521_g @PHVote,1
RT @joshuasanrafael: Bakit dahil kay Binay nakilala kaming mga nognog?,1
"Parang survey lang,pinalamang sa umpisa c Marcos hanggang pingdidikit na sa huli!! MAR ROXAS / LENI ROBREDO CHEATERS!!!",1
Let's give Binay the power to save our country from poverty.

#OnlyBinayUNAsaIlocos,0
"Mar Roxas has a big problem in Iloilo.
In September 2015, a poll survey in the province showed he garnered 66% of... https://t.co/QxzVyxY0CV",0
Binay says he doesn't know where friend Gerry Limlingan and aide Ebeng Baloloy are. #PHvote,0
"Sa dami ng bumabatikos kay VP BINAY, wlang sinuman ang makapag pabagsak sa isang taong tumutulong!
ATRAS NA POE
#OnlyB1NAYangat",0
"Tsk tsk,dati galit na galit si Binay kay GMA kasi pina suspend sya tapos ngayon sila sila magkakampi, PInas nga nman https://t.co/snpvh19ukf",0
6. Only Binay
7. BATB
8. Cara Kendall On PH 2016
9. Monica Sacay
10. Click Play Fest

2015/11/22 01:33 PHT #trndnl https://t.co/dRwxiUtCOV,0
Feeling ko tuloy pag naging presidente si Binay isisisi nya lng sa iba kapag may kapalpakan ang gobyerno nya. Hahaha,0
RT @ohohpamela: Okay nga si Mar nalang kesa si Binay. O ano? #PSYPagyanig,0
"Yabang mo Mar Roxas, panay parinig mo sa mga kalaban... Booooooo!!!??????",1
POEtangina MO MAR ROXAS!!! #AyawSaDILAW,1
Wag niyong eboto si Roxas at Binay! Maawa kayo sa Pilipinas! #DuterteCayetano,1
Binay is such a f??cking joke! As if sigurado na syang mananalo sa election! ?? https://t.co/amfjG9Xjfu,1
"Hindi pa tapos ang #LabanLeni!

Grace, I didn't vote for you, but I'd choose you over Rody any day! #GracePoeHashtag (Sorry, clueless.)",0
Kaya nyang gawin ang magagandang bagay para sa bayan! 

Ang Pagbabalik Binay In Makati 
#OnlyBinayInMakatiSanKaPa,0
Only binay is out of this world. Lol nakakaimbyerna,1
Big joke pa yung sinabi ng Pres na wala raw siyang alam na invited si Binay at di raw siya assoc sa pagpapapunta.,1
"Wag lang si binay at roxas manalo edewup naman sakin, pero deep inside solid MDS #ArribaMDS #SiMiriamAngSagot #MiriamUntilTheEnd",0
Conyo naman this Binay. ?? https://t.co/p4q5dV7vAU,0
"ay ganun ba. sana ang baller na sinuot nalang pala nakalagay ""m4R r0x4zx"" kasi ""mar roxas"" naman sa balota noh.  https://t.co/Ur01hYh9A4",0
"RT @TropangMARangal: Mar Roxas: ""Kinokondena natin ang mga sakim at makasariling taong ito na nambibiktima sa ating mga kababayan."" https:/…",1
"@FloresPilita Pamatong and d other looney's have no chance of getting elected, but Poe could be alternative to Roxas and Binay",0
"Nognog, pandak pero ang dami paring nanakaw. Yan si Binay. :3",1
@xpeanutgalleryx @cebudailynews @VektorSelba UNA identify kay Binay...and BINAY known as... A lot to mention ??,0
"Fak, even using the hashtag #BinayPaRin disgusts me. But still undecided so....",1
"RT @oiragasm: si binay ay nognog, pandak, laki sa hirap pero di tulad ng iba, siya ay nanggaling sa planet yekok",1
Grabe yung ht. hahahahaha binubully na naman nila si binay ?? jk,0
Shet relate ako sa pandak commercial ni binay ??,0
UNA senatorial bet Allan Montaño gamely shakes finger in curtain-raising speech for Binay | via @mbellsonaq https://t.co/2BM5tzgOxr,0
@kxmbng kabisado ampota haha yie stalker si binay,1
"Integrity, experience, putting country above self...definitely that is Mar Roxas. ?????? #RoxasNa #YestoMar https://t.co/C6rVw4ILv5",0
"Grabe propaganda technique ni Binay.. hahaha nognog, pandak..

#plainfolk #ads #propagandatechnique",1
@JayBudoy TANG INA NI MAR ROXAS PUKI NG INA NYA!~,1
I thought matino pa tong si APC. Now Im beginning to think he is behind black props vs Mar. Not excluding Binay yet. https://t.co/vh40H8h9Xj,1
RT @TropangMARangal: No one else but Mar Roxas for our ka-Tropang Paul! MARaming salamat po. #RoxasNa https://t.co/EorNSKWLOO,0
"Still, Miriam Defensor Santiago &gt; Rodrigo Duterte",0
Honasan says he would be be the first to demand accountability if Binay is found liable before the court over corruption #VotePH2016,0
ANO BA TALAGA ANG IPAPANALO ABS-CBN? ANG PAMILYANG PILIPINO BA O SI MAR ROXAS? ??,1
Iniendorso na pala ni Daniel Padilla si Mar Roxas,0
"Three SC Justices, including Nancy Binay, voted for the disqualification of Sen Poe on the ground that a... https://t.co/ywiU8yKfoo",0
The foreign investor community is scared of a binay presidency and predicts that they might stay away if he wins.... https://t.co/H9jGnB4bE8,0
Binay gets American political strategists https://t.co/sgAmcMOUkO,0
Asawa daw ni Jejomar Binay si Nancy? Hahah. Lol.,0
Binay: More poor Filipinos under Aquino administration https://t.co/peKQWGLbWT | via INQUIRER,0
Sen. Enrile on Binay's alleged link with Gerardo Limlingan: Hindi ko nakikita linya ni Binay dun eh.,0
#Binay and #BinayJunior :How do you define CORRUPTION?
https://t.co/pr0255PlN9 https://t.co/k8so9Ui1Yo,1
"Lol diba dapat manalo na lahat wag lang si Binay, Poe at Marcos.

Choosing Binay over Roxas, srsly??????",0
Kung magiging presidente si binay sana unahin nyang ayusin ang UMAK ?? tapos tanggalin nya sana ang mga prof na hindi nagtuturo ??,1
RT @jellyxxford: ang korni talaga ng mga commercial ni binay hahahahah,1
"Juice ko po. Roxas, Manny at Binay kaya pla traffic pa navotas. Halos wala ng bumyaheng Jeep. Gabi pa sila... https://t.co/E1esA18nue",1
"Binay Senate slate:Pacquiao, Napeñas,Alma Moreno,Kiram,Montaño,Langit, Sotto,Lacson, Gordon, Zubiri, Romualdez, Ople https://t.co/9VZMrlkRVN",0
"Duterte to Roxas:

""Mar, habulin mo'ko"" ??????

#Roxasparin #RoxasRobredo 
#RoxasForPresident",0
@ellemagaro malalim b pngsamahan nio ni binay? Bat parang ang affected mo? :)) close b kayo?!,1
"Mercado owned ‘dummy’ firms, alleged Binay bagman claims https://t.co/C7GjhF0w0H | @Team_Inquirer https://t.co/gteXK8CsBk",0
Mar Roxas - PUTANG INA ANO BA TO!!! https://t.co/xHfpdERTfp,1
Mendoza: Hanggang ngayon naman wala pang napapatunayan laban sa kanya (Binay) @iamalexsantos,0
"Honasan kay VP Binay: Para sa akin, unfair kung mag-express ako ng opinyon.",0
"#Newsreport LP standard bearer Mar Roxas, namimili umano ng boto ayon sa kampo ni VP Binay I via Allan Francisco",0
RT @cocoy: The story of what happened between Tacloban Mayor Alfred Romualdez and Mar Roxas. #Yolanda 

(Updated)

https://t.co/ybU4cttLt2,0
Why Duterte? :3  Sana tumakbo kana nalang next election :( Sayang ang boto kung maglalaban kayo ni Miriam :(,0
Ito si Binay
Naligo si Binay

Hindi nag post ng FFTB si Binay.

Hindi papansin si Binay

Tularan si Binay,0
‘What sacks of evidence?’: Trillanes says Binay lying in pol ad https://t.co/P5v8dE7kw0 | via INQUIRER,0
"""At hindi rin naman lahat ng nognog at pandak, mahirap.""
(E.g. IKAW, BINAY. IKAW) https://t.co/ufv6gpXPDX",1
Kaasar puro binay nasa news papansin tsk ??,1
Kung sana ikaw nlang ang pumunta dito sa Bukidnon Grace Poe hindi na sana na delayed kanina ang byahe ng mga commuters sa kawalan ng bus.,0
"RT @PhilippineStar: Roxas, not Binay is leading spender for poll ads, says VP’s camp | https://t.co/TQW8j08zYE https://t.co/65lNyaITQl",0
"Si Binay nasa Buhi, Camarines Sur at sa probinsya ko pa pumunta ka, LETSE! Sa mga probinsya NANLOLOKO ANG LOKO. #NoToBinay2016",1
budol budol gang. hindi aabot ang eleksyon butete na sa laki ng tyan tong si Binay. KainPaMore! https://t.co/tRaKOnEf4x,1
"Binay says Yolanda rehabilitation mismanaged. ""Ipinagmamalaki pa nilang 51% na after 2 years. This is disaster in terms of management""",0
How ironic is it that Binay is campaigning against corruption ?? The only way for that to be successful is for him to withdraw his candidacy.,1
"Binay's team starts their campaign in Nasugbu, Batangas. #BilangPilipino | via @mongualvez  https://t.co/hylxXVGvQB",0
Kahit sino na manalo sa President wag lang po si Mar Roxas ????????,0
Nakakatawang isipin na nagpapakahirap sila para kay Mar Roxas. What the fvck ?? @ Brgy. Sta.Maria… https://t.co/ZojksD9aWv,1
@ANCALERTS this early you can tell who he really is. Just please resign as a member of LP if you're supporting  not named Mar Roxas.,0
BINAY IS NOGNOG @Pakycheda,1
"Headline for the day: ""The EQualizer Post: Grace Poe versus Mar Roxas: Compare and Contrast Their ACHIEVEMENTS""",0
“Time you enjoy wasting is not wasted time.” 
Ang Pagbabalik Binay In Makati 
#OnlyBinayInMakatiSanKaPa,0
M0RE F0LL0WERS
?https://t.co/WnBzWZTbiW

#1Mister5Misis #Duterte2016 BATB Failon Ngayon Only Binay,0
Puro kayo kay sandro sakin na nga e. ???? Andyan pa yung anak ni binay oy. ??,1
[NEWS] Binay hit for blaming shelter woes on Roxas  https://t.co/aQuqhu9Ilu | via Manila Standard,0
#Eleksyon2016 Mar Roxas 'Di Ako Magnanakaw' commercial is so ugly! His face is so near d camera and he is not the handsomest guy in country.,1
"@LuckyBryanM no, binay to. Nognog pandak at laki sa hirap ??",1
"‘GIVE IT UP, MAR, IF YOU CHEAT YOU’LL DESTROY THIS COUNTRY’ - An Open Letter To Mar Roxas https://t.co/74Yl0giPfM",1
"Dahil kay Binay, wala kaming klase ngayon. Salamat Binay.",0
Moot because of his dismissal. CA junks Junjun Binay's petition vs 2nd suspension order via @rapplerdotcom https://t.co/ITosQCNuyB,0
"I find both Binay and Roxas, desperate... ????",1
Fuck marcos &amp; binay,1
RT @MyJapszx: @paulaanica wag mo binabasag yung ad na Oily Binay este Only Binay hahaha!,1
"POE, MAR AND DUTERTE VS BINAY BA ITO?

#PiliPinasDebates2016",0
"@teddyboylocsin I think the safe one is Grace Poe, at least according to the Catholic Church and the no. of mayors she has converted",0
"RT @letzky: I can't stand watching VP Binay's  'Nognog' ad. So contrived! ????.I hope he can keep it simple &amp; lay down his platform,instead. …",1
Only Binay... Only Binay... Tangina naman oh. Hindi ko pa rin yan iboboto kahit LSS ako sa kanta niya.,1
Ang bobo ni Mar Roxas. Pero mas duwag. Takot sa abusadong telcos.,1
@PHVote shame on this. what a disgrace,1
"You find a Binay/Poe/Duterte presidency amusing, acceptable, para lang matalo si Mar? Your trading PH's interest for your entertainment.",1
sawang sawa na ko sa face ni mar roxas grabe dami niyang tvc,1
"*New ad against Duterte*

""They're using kids bla-bla""

Like seriously are you protecting the kids or your candidate's image?

Hypocrites.",1
shet pangalawa pa si roxas HAHAHA too close kay duterte?? wag sanang humabol,1
": Tapos na term ni Binay as President of the Republic of the Philippines, si Raf at Alliah pa rin.",0
"RT @ReclaimEDSA: May memory problems si Grace Poe? Di ba dinaya na nga tatay nya nung 2004, ninakawan pa ang bansa? #PanderPaMore https://t…",1
"Ang nakakatakot eh subrang desperado na ni Mar Roxas, masmalala pa ni Binay.",1
"VP Binay hits Poe, saying he never abandoned his country. What he failed to realize is that plundering the country is an act of abandonment.",1
can't believe roxas and binay have more votes than miriam,1
@iam4federalism @PHVoteRT @PHVote @rapplerdotcom as in NO VOTE NO PAY(Binay)NO VOTE NO 4P's(LP) sanamagan!
#ChangeIsComing #Duterte2016 na!,0
bakit si roxas ayaw pumunta? di lang kasi boo abutin niya! GO VP BINAY! #binayforpresident #NogNogSinunog #onlybinay https://t.co/o2jLkqKNPe,1
Akala ko na nasa 260M+ lang ang pera nila ayon kay Nancy Binay. Hmmm.. Nakalikom agad sila 300M from supporters? https://t.co/iftPHFhKyJ,0
"Please, Binay had shown much corruption. Please slam him! PLEASE!!! #ForTheFutureOfThePhilippines",1
#Binay saddened by #Aquino veto of #SSSPensionHike https://t.co/LdBh0Ux54Q https://t.co/t2rZWScDZR,0
??- Ano
ang iyong ginagawa??
- Natatakot ka ba?
??@angelicaj__- Oo.
??
????@MissUniverse
??SET?DISCOVER????ƒƒ?
#RoxasRobredo
https://t.co/63s1ScuA15,0
walang ngbago ganun ka parin kasipag at kabait sa mga Pilipino.
Ang Pagbabalik Binay In Makati
 #OnlyBinayInMakatiSanKaPa,0
Comparing notes earlier during our breakfast mtg at the BCBP and almost everyone is for Mar Roxas. Wala ng iba. #RoRo2016,0
Tangina talaga nento ni binay bwiset,1
FULL SPEECH: Mar Roxas' speech during his miting de avance via @rapplerdotcom https://t.co/HzPUNcPVJD,0
Di nako natutuwa sa mga patawa palagi tungkol kay Binay. Masyado na silang bully. Tao pa rin naman siya. Masakit... https://t.co/mN7DFh53k3,0
wag mo kami bolahin kasi si VP Binay hinding hindi
#OnlyBinayAgainstRape
Binay ProWomen,1
"Nancy's vote vs Poe was her own, says VP Binay #Halalan2016 https://t.co/uFEEp3xO0Q https://t.co/rzgCuEtdVC | via ANC ALERTS",0
#Duterte2016 vs Only Binay,0
Boto naten binay mangurakot man ay taga batangas pa din ahahah aayusin nyan batangas,0
Isabela governor from powerful political dynasty endorses Mar Roxas: Gov. Faustino Dy III of the powerful Dy p... https://t.co/N2hc8XC1U9,1
"@bilbil Yun nga! Yun talaga sumagi sa utak ko! Si Binay ingat na ingat na tumatawid sa putik over chairs, sya naman naggagaganyan.",1
"Binay: Nognog, pero 'di tulad ng iba ng Dr. Alvin :D",0
I can never trust Binay and Roxas. For a reason that they hold big positions in office but haven't contributed adequately #PiliPinas2016,0
Sobrang kapal ng mukha ni Binay. Putangina,1
SC urged to remove Binay as Boy Scouts president https://t.co/mirsoVYlnF https://t.co/Ll8Es5tdWv,0
"If Marcos wins, historians have fucked us all up big time! #VotePH2016 #RoxasRobredo",1
Alam mo pinagkaiba ni binay kay alma? Si binay nognog si alma moreno! ????,1
"@xpeanutgalleryx Also, few people remember that post-Yolanda housing was Binay's turf - and that he failed miserably in that regard.",0
DepEd NETIZENS PUMALAG - Umani ng batikos ang kampanya ni Mar Roxas ngayon sa Marawi Lanao del… — Salman D. Ali https://t.co/1izqGfKYQu,0
"'Don't cheapen the presidency,' Duterte tells Poe's camp https://t.co/dVzxK7Z6Ji",0
WALAY MARTIAL LAW MAHITABO UNDER DUTERTE. Roxas you are incompetent and weak.,1
"Results: Binay, Poe and Mar &gt; Miriam
Reality: Binay, Poe and Mar &lt;&lt;&lt;&lt;&lt;&lt;&lt;&lt;&lt;&lt;&lt;&lt;&lt;&lt;&lt;&lt;&lt;&lt;&lt;&lt;&lt;&lt;&lt;&lt;&lt;&lt;&lt;&lt;&lt;&lt;&lt;&lt;&lt;&lt;&lt;&lt;&lt;&lt;&lt;&lt; Miriam 

#Election2016",0
Si VP Binay lang ang tinutukan ang kahirapan kumpara sa ibang puro pangungukakot lang ang iniintindi.

#OnlyBinayUNAsaIlocos,0
wag na wag kang susuko VP Binay ha?
#OnlyBinayPriority4Ps,0
Ah talaga Binay,1
Didn't the Binay campaign team hire Ronaldo Puno? @v_vangogh @profmssyj @Paulelli @mgvtrb @cocoy @raggster https://t.co/MXuKJRXDxH,0
@SenGracePOE don't give up; fight until Mar realize that he need to withdraw because you are better than him. don't waste your fight #OBFPOE,0
@vicegandako para po sa inyo sino ang mas maganda si Sen. Nancy Binay or si Senyora? #AskVice,0
"Wtf, bakit si roxas pumapangalawa kay duterte. Dapat si miriam na lang. -- ayan na, mukang totoo ngang pag kay du30, napupunta kay roxas.",1
The immediate substandard vote for thosr who dont have the balls to vote for Miriam because she's sick is Grace Poe

#MIRIAMforPRESIDENT,0
ginutom mo ang mga tacloban at hindi ibinigay ang dapat sakanila. wala kang kwenta mar roxas   #OnlyBinayUNAsaSeniorCitizen,1
Binay: Don't pre-judge INC leaders https://t.co/qCV2CYwvmR,0
DUTERTE: Let the people decide.
ROXAS: Let the PCOS Machine decide.
#DayaangDILAW ????
#DU31,1
"""@Team_Inquirer: Binay not speaking for gov’t—Palace http://t.co/gftOJjvksU | @TJBurgonio"" bwahahaha!",1
bakit si roxas ayaw pumunta? di lang kasi boo abutin niya! GO VP BINAY! #binayforpresident #NogNogSinunog #onlybinay https://t.co/qqezYNW78z,1
Can't stand Binay's Political Ad Campaign on TV.,0
RT @Politiko_Ph: Romblon Guv Lolong Firmalo scores photo with Mar Roxas
https://t.co/UlyOpMuWZZ
@MARoxas,0
Duterte says his votes to go to Binay https://t.co/rHIsFxi7w5,0
Tuwid na daan? Ganun? Oh. he's endorsing Mar Roxas . Goodluck Deej! https://t.co/lLacOVv3p2,1
Panuorin ang tapatan nina Mike Enriquez at Vice President Jejomar Binay sa #WantedPresident! Ilang sandali na lang!,0
Dont bash DJ for supporting Mar Roxas. Thats his decision so let it be ??
#PSYPagyanig,0
"Knock knock. Who's there? Binay. Binay who?

It's Binay long day without you, my friend. ????",1
Another political advertisement of Binay?! What the !,1
Binay: Patuloy ang kahirapan dahil sa maling pamamahala @manila_bulletin,0
RT @SulongKatribu: Lumad march to Mar Roxas' home and Liberal Party's HQ to protest series of IP killings under 5 yrs of Tuwid na Daan http…,0
“@NoToBinay2016: He can't even lift Makati from poverty in his family's 29 years of rule there. What more the whole Philippines? ??Binay??????????,1
"@FashionPulis wow, supporting Mar Roxas?",1
Bakit ganon? yung boto ni Mar Roxas napaka taas? Nataasan pa si Boss Nognog!,1
"Gising, Pinas! Ikampanya na Natin Ang pinakamahusay na tambalan #RoxasRobredo! Bayan bago Ang sarili!",0
"RT @hallowbae: Is DJ endorsing Mar Roxas sa 2016 election? DJ, noooo. :( #OTWOLLoveShots",0
"VP #Binay not immune from suit, says Cayetano
https://t.co/En5PTg4O7t | @carvajal_nancy #VotePH2016 https://t.co/4k2BUXbRe1",0
Si binay kawawa,0
If binay wins.. I dont want to live in this country anymore.. I give up.. Incurable na kabobohan sa atin.. :( https://t.co/mLHgqDiiQy,1
MAR ROXAS! Taas ka naman pls!,0
WTF! No.2 na si Mar Roxas nangangamoy dayaan!,1
Only binay! Yeaaa!,0
@ayeemacaraig @rapplerdotcom Makati was already successful when I was a kid in the 80's waaay before Binay,0
It's about time. Mar Roxas is my President. #RoxasNa https://t.co/k6KvQ9fJiK,0
Mka highblood ang advertisement ni Mar Roxas ????,1
Uhmm. None. Nothing that breaks my heart on my feed. Except Binay's rating and Duterte's oversized billboard.,1
Mar Roxas the Winter Soldier https://t.co/cAfsf9oPtc,0
Baket sbi ni mar roxas daang matuwid daw?? Baket ang baguio paliko liko hindi matuwid?? ??????,1
May bago nanamang ad si Binay. -_-,1
"Mar Roxas at #2. Madali na lang dayain to. Kahit di ako magaling magprogram, as an IT specialist (tama ba?), we all know it is possible.",0
"MALAYA Headlines [Friday - 02.26.16]:

-Aquino lashes out at Marcos
-Binay, Honasan not invited to EDSA rites... https://t.co/af1fXqrxcR",0
Image from 'Duterte lawyer: Votes went to Roxas in VCM testing' via @rapplerdotcom https://t.co/3QkvC1Yja1
DAYA!!!
#DuterteTillTheEnd,1
@MaPamelaAndrea @kaye_sibss wehhh si binay bala nanay mo hahaha,0
The Good Lord will be with you Mar Roxas! We're putting our faith to God. Kalma lang.,0
True! Kaya  NO TO BINAY! Bwahwahwahwahwahwahwhwhw 

#AyraMarianoForGurna
EncantadiaSaga https://t.co/5kL3rsGur5,0
PH version:

very sad to hear about Binay. nothing happened to him i’m just sad to hear about him https://t.co/T9qQYtqRFY,0
"Binay described Gerry Limlingan as his best friend.Despite their close ties, Binay said he has no idea where he is. https://t.co/TLHcxdPZxH",0
"Mar Roxas: ""walang drama, trabaho lang""

?? sir, you are supremely good in acting!  https://t.co/qUOjlMaN1V",1
Poe advisers say they’re more than a match for Binay’s Puno https://t.co/TzmImkZ1Hq,0
"He is indeed a threat to democracy, a corrupt democracy. Commented on: Duterte a threat to democracy – Grace Poe: https://t.co/qE2TsmZGS5",0
"manalo na lahat wag lang si duterte, roxas, poe at binay. #YouthForMiriam",0
Ayoko pa sabihin sa sarili ko na si mayor duterte na magiging presidente kasi dadayain yan nila roxas saka ni pnoy na mukhang minion??,1
Gwen still supports UNA presidential bet Jejomar Binay despite his fallout with One Cebu. Read here: https://t.co/N8hTRgy1Lz,0
RT @BryandePaz: Senator Binay reiterates call to ban selling firecrackers to minors @UNTVLife @untvradio1350 @SenatorBinay,0
"Kahapon good news para kay Poe, ngayon bad news para kay Binay. Ang saya po",0
"""Yan si Binay."" WTF?????????????????????",1
"Binay to greet Chilean, Mexican presidents for APEC https://t.co/wtuyQiIJku",0
"Hay mga Pilipino, BINAY / ERAP for President? ANO BA NAMAN HUHU",1
"10-23-15
Duterte approves of Miriam’s presidential bid, says he won’t endorse Mar https://t.co/TBPFnNQMON via @kickerdaily",0
[TOP STORIES] Binay’s wish https://t.co/tCVQBGdnzv | via Journal Online,0
Binay camp not aware of AMLC report on alleged infra kickbacks https://t.co/h78h7ISQnA https://t.co/ULjQsjrefn,0
@KYZEEEEEEEE hi binay! Bagay talaga kayo ni pare ??,0
@DaisySuperstar @patsaclag wag ganun gine generalize niyo ako eh hahaha. No to binay af pero sa vp no problem kahit sino #notocorruption,1
Binay Won't Concede To Duterte https://t.co/mH3NsypsgW,0
"Guys if you are a Filipino and concern ka sa bayan mo, please share this! Naka set na kay mar roxas ung voting... https://t.co/Dl50qW6MxS",1
Tanggap ko pa kung si Poe o si Mirriam ang next kay Duterte e. Pero pag si Mar lutong luto na!!,1
"@Kathpowervote Tanong ko sayo, Si mar roxas ka din ba? DESPERADA ka na kasi e. Sorry not sorry.",0
"Binay -,- #ALDUBHALFWayThere",1
Nag tuturo po ang mga teacher ng mga bobo. Aral ka ulit binay. #NogNogHambog,1
"""AKO SI MAR ROXAS. HINDI AKO MA-DRAMA, EPAL LANG AKO."" #ABSCBNLIARS",1
"playing safe ka binay, don't me! #PiliPinasDebates2016",1
Bakit pinakahuli si miriam? Hindi ba dapat sila binay o roxas yung nandun,0
"puro nalang pasaring at parinigan sa tv. parang si binay, kalalaking tao, putak ng putak. kairita",1
"Binay: Kailangan natin ng isang pangulong di nagtatago, gaya ng Mamasapano, di naninisi at di nalilito sa panahon ng krisis #VotePH2016",0
TV: Mar Roxas po
Me: Tanginamo po https://t.co/y184AfZZPa,1
@SJShannen Yan si Binay. este lahat ng mangloloko ??,0
Eat your heart out Mar Roxas.  #AyawSaDILAW   PLAY DIRTY GET KARMA https://t.co/sykqtPeDlj,1
President Aquino is confident with his administration Candidates Mar Roxas and Leni Robredo in the coming... https://t.co/ZiMpGtjhja,0
Si Mar Roxas? Made in China din yan ei. Fake! Hahahaha,1
"Napaka desperado na ng kampo ni Pnoy para sabihin na magsama sama sila Mar, Poe, Binay &amp; Santiago laban kay Duterte. Grabe.",1
"""Hindi sex objects ang mga kababaihan""- Binay https://t.co/wUVXME3Eyu",0
"RT @SIR_EPREYM: Paulit ulit na TV Ad. Puro naman paawa. Yan si Binay. Kada commercial, ipinapalabas. ??",0
"This halloween I want to dressed up as VP BINAY and fucking take all your lunch money, and still smile reluctantly  like nothing happened.",1
"Nognog, pandak, laki sa hirap. Yan si Binay. ??",1
"Hindi si Mar, hindi si Grace, hindi si Binay. Kundi daya. #GreatLeaderDuterte",0
"Mar: Let's unite against Duterte, bae.
Poe: Nope.

#PresidenteSerye",1
"""@ayeemacaraig: Binay in Isabela radio interview:  ‘Yong iba, nangangako pa. Nagawa ko na ho lahat ‘yon.
#PHvote""nakuha mo na lahat?",1
ATE NI PNOY: DI NAMIN SUSUPORTAHAN ANG KANDIDATURA NI VP BINAY @News5AKSYON https://t.co/wjNWwN7lmb (via @News5E) #OnlyInThePhilippines,0
@micojardins @weirdinaaa HAHAHAHAHAHA wag ganyan Binay. Hindi ganyan sa makati,0
I actually like Binay's latest campaign commercial. Very well thought of. Intended for his target voters. ????,0
"IN YOUR FACE, GRACE POE-TANGINA MO! no offense though",1
@keshgomez @teamDU30 oh I'm sorry.. Duterte can't afford me.. even Binay and Mar can't.. I'm doing this VOLUNTARILY.. ??
